date,gate_alpha,disagree_norm
2021-01-04,2.6551761038717814e-06,7.863811016082764
2021-01-05,2.6560574042377993e-06,7.863468647003174
2021-01-06,2.736165242822608e-06,7.878228187561035
2021-01-07,2.8116335215599975e-06,7.869437217712402
2021-01-08,2.8110757739341352e-06,7.860438346862793
2021-01-11,2.756342155407765e-06,7.867077350616455
2021-01-12,2.778919451884576e-06,7.864754676818848
2021-01-13,2.7778173716797028e-06,7.865410327911377
2021-01-14,2.668513616299606e-06,7.861281871795654
2021-01-15,2.652362127264496e-06,7.862955093383789
2021-01-19,2.6409129532112274e-06,7.8639607429504395
2021-01-20,2.6262353003403405e-06,7.866590976715088
2021-01-21,2.628169568197336e-06,7.8684587478637695
2021-01-22,2.635483724588994e-06,7.872263431549072
2021-01-25,2.6582977170619415e-06,7.874157428741455
2021-01-26,2.680843863345217e-06,7.878249645233154
2021-01-27,2.7247340312896995e-06,7.878480911254883
2021-01-28,2.6738530323200393e-06,7.874627113342285
2021-01-29,2.659748133737594e-06,7.869190692901611
2021-02-01,2.6541029001236893e-06,7.868508338928223
2021-02-02,2.6466466351848794e-06,7.867471694946289
2021-02-03,2.642051640577847e-06,7.866563320159912
2021-02-04,2.767721298368997e-06,7.868934154510498
2021-02-05,2.767705382211716e-06,7.869630336761475
2021-02-08,2.7212904569751117e-06,7.868178367614746
2021-02-09,2.754807383098523e-06,7.8665666580200195
2021-02-10,2.8123092761234147e-06,7.865477561950684
2021-02-11,2.8179042601550464e-06,7.867258548736572
2021-02-12,2.8498538995336276e-06,7.866054058074951
2021-02-16,2.851126282621408e-06,7.8726630210876465
2021-02-17,2.7949356535827974e-06,7.87901496887207
2021-02-18,2.879671228583902e-06,7.87465238571167
2021-02-19,2.8686358746199403e-06,7.877326965332031
2021-02-22,2.8400702376529807e-06,7.889209270477295
2021-02-23,2.882759417843772e-06,7.891047954559326
2021-02-24,2.859818550859927e-06,7.892488956451416
2021-02-25,2.8134736567153595e-06,7.8930864334106445
2021-02-26,2.651370550665888e-06,7.87550163269043
2021-03-01,2.872183586077881e-06,7.8726677894592285
2021-03-02,2.8776066756108776e-06,7.873757362365723
2021-03-03,2.6262405299348757e-06,7.8793535232543945
2021-03-04,2.6446127776580397e-06,7.880712032318115
2021-03-05,2.829623781508417e-06,7.886287689208984
2021-03-08,2.8164695322629996e-06,7.894919395446777
2021-03-09,2.8515069061541e-06,7.8770856857299805
2021-03-10,2.811638978528208e-06,7.877427101135254
2021-03-11,2.857850176951615e-06,7.870304584503174
2021-03-12,2.819479504978517e-06,7.873509883880615
2021-03-15,2.8346801173029235e-06,7.862246990203857
2021-03-16,2.756804860837292e-06,7.866987705230713
2021-03-17,2.7665971629176056e-06,7.866181373596191
2021-03-18,2.8078554805688327e-06,7.8620524406433105
2021-03-19,2.7772027806349797e-06,7.865503311157227
2021-03-22,2.764787495834753e-06,7.869383811950684
2021-03-23,2.7765090635512024e-06,7.872489929199219
2021-03-24,2.7682863219524734e-06,7.870118618011475
2021-03-25,2.7256332941760775e-06,7.872038841247559
2021-03-26,2.735836460487917e-06,7.871889114379883
2021-03-29,2.7565893105929717e-06,7.8729071617126465
2021-03-30,2.68964822680573e-06,7.8734588623046875
2021-03-31,2.7746455089072697e-06,7.872094631195068
2021-04-01,2.7748624233936425e-06,7.872193813323975
2021-04-05,2.78574430012668e-06,7.874975681304932
2021-04-06,2.790492999338312e-06,7.876206398010254
2021-04-07,2.78333823189314e-06,7.874645709991455
2021-04-08,2.787631046885508e-06,7.875730991363525
2021-04-09,2.776387191261165e-06,7.872890949249268
2021-04-12,2.772994776023552e-06,7.8720502853393555
2021-04-13,2.77456615549454e-06,7.8723673820495605
2021-04-14,2.768629428828717e-06,7.870835781097412
2021-04-15,2.774783069980913e-06,7.872356414794922
2021-04-16,2.7738517474062974e-06,7.871725082397461
2021-04-19,2.7780715754488483e-06,7.872267246246338
2021-04-20,2.790232429106254e-06,7.875082969665527
2021-04-21,2.7937044251302723e-06,7.874911785125732
2021-04-22,2.790615553749376e-06,7.875296115875244
2021-04-23,2.798931063807686e-06,7.876887321472168
2021-04-26,2.7800804218713893e-06,7.872012615203857
2021-04-27,2.7727567157853628e-06,7.870090961456299
2021-04-28,2.7673095246427692e-06,7.86710262298584
2021-04-29,2.7718208457372384e-06,7.866180896759033
2021-04-30,2.7593614504439756e-06,7.8669633865356445
2021-05-03,2.7608459731709445e-06,7.8676323890686035
2021-05-04,2.8178719730931334e-06,7.867377758026123
2021-05-05,2.8012225357088028e-06,7.8762030601501465
2021-05-06,2.704669668673887e-06,7.874144554138184
2021-05-07,2.7120206596009666e-06,7.870912551879883
2021-05-10,2.657552613527514e-06,7.873687267303467
2021-05-11,2.7391834009904414e-06,7.871073246002197
2021-05-12,2.7184319151274394e-06,7.865368366241455
2021-05-13,2.638335445226403e-06,7.8707275390625
2021-05-14,2.7500404939928558e-06,7.877020359039307
2021-05-17,2.629553591759759e-06,7.8750505447387695
2021-05-18,2.6478885502001503e-06,7.86977481842041
2021-05-19,2.6439975044922903e-06,7.868723392486572
2021-05-20,2.6521090603637276e-06,7.871174335479736
2021-05-21,2.657218146850937e-06,7.870719909667969
2021-05-24,2.8020986064802855e-06,7.87286376953125
2021-05-25,2.7915843929804396e-06,7.872272968292236
2021-05-26,2.7918081286770757e-06,7.871885299682617
2021-05-27,2.776196424747468e-06,7.869199752807617
2021-05-28,2.7792746095656184e-06,7.869594097137451
2021-06-01,2.76261607723427e-06,7.8667168617248535
2021-06-02,2.7638386654871283e-06,7.867123126983643
2021-06-03,2.7663966193358647e-06,7.8666157722473145
2021-06-04,2.7638966457743663e-06,7.867781162261963
2021-06-07,2.7636649519990897e-06,7.868858337402344
2021-06-08,2.764302735158708e-06,7.869604587554932
2021-06-09,2.770568016785546e-06,7.870910167694092
2021-06-10,2.778612042675377e-06,7.873569488525391
2021-06-11,2.781088369374629e-06,7.874841213226318
2021-06-14,2.795068894556607e-06,7.877960205078125
2021-06-15,2.79773030342767e-06,7.877233028411865
2021-06-16,2.660641257534735e-06,7.877511501312256
2021-06-17,2.673006520126364e-06,7.880982875823975
2021-06-18,2.6782120130519615e-06,7.8796257972717285
2021-06-21,2.6674601940612774e-06,7.877504825592041
2021-06-22,2.6607019663060782e-06,7.877727031707764
2021-06-23,2.6572633942123502e-06,7.876615047454834
2021-06-24,2.6590378183755092e-06,7.875898838043213
2021-06-25,2.8151696369604906e-06,7.876858234405518
2021-06-28,2.661097823875025e-06,7.8776326179504395
2021-06-29,2.6578006782074226e-06,7.8775858879089355
2021-06-30,2.6538496058492456e-06,7.877644062042236
2021-07-01,2.8147992452431936e-06,7.878680229187012
2021-07-02,2.848707026714692e-06,7.882721424102783
2021-07-06,2.8658303108386463e-06,7.883157730102539
2021-07-07,2.871175638574641e-06,7.88487434387207
2021-07-08,2.695420562304207e-06,7.884098529815674
2021-07-09,2.870179287128849e-06,7.884303569793701
2021-07-12,2.8416850454959786e-06,7.881126880645752
2021-07-13,2.862290557459346e-06,7.882899761199951
2021-07-14,2.8703052521450445e-06,7.885836601257324
2021-07-15,2.870486014217022e-06,7.885402202606201
2021-07-16,2.8747322176059242e-06,7.887045383453369
2021-07-19,2.698434855119558e-06,7.887377738952637
2021-07-20,2.6880479708779603e-06,7.887388706207275
2021-07-21,2.8351776109047933e-06,7.882928371429443
2021-07-22,2.8437671062420122e-06,7.885980129241943
2021-07-23,2.8922986530233175e-06,7.894970417022705
2021-07-26,2.8681270123342983e-06,7.8929123878479
2021-07-27,2.8556050892802887e-06,7.888229846954346
2021-07-28,2.8501474389486248e-06,7.884052276611328
2021-07-29,2.8285232929192716e-06,7.8817315101623535
2021-07-30,2.831772690115031e-06,7.883060932159424
2021-08-02,2.820657300617313e-06,7.881397247314453
2021-08-03,2.8377528451528633e-06,7.887210845947266
2021-08-04,2.6578263714327477e-06,7.879994869232178
2021-08-05,2.819339442794444e-06,7.883366584777832
2021-08-06,2.804269342959742e-06,7.877950668334961
2021-08-09,2.80855169876304e-06,7.878210544586182
2021-08-10,2.797554316202877e-06,7.875894069671631
2021-08-11,2.787072844512295e-06,7.874897003173828
2021-08-12,2.7971755116595887e-06,7.878109931945801
2021-08-13,2.813328819684102e-06,7.881893634796143
2021-08-16,2.8336639843473677e-06,7.886072158813477
2021-08-17,2.880462261600769e-06,7.887982368469238
2021-08-18,2.6932980290439446e-06,7.882024765014648
2021-08-19,2.695657030926668e-06,7.887143135070801
2021-08-20,2.709125510591548e-06,7.893387317657471
2021-08-23,2.854211061276146e-06,7.887930870056152
2021-08-24,2.8251101866771933e-06,7.88224983215332
2021-08-25,2.802649305522209e-06,7.8775153160095215
2021-08-26,2.6482975954422727e-06,7.874099254608154
2021-08-27,2.6450668428879e-06,7.872928619384766
2021-08-30,2.8013132578053046e-06,7.87808895111084
2021-08-31,2.649702310009161e-06,7.877276420593262
2021-09-01,2.656442575244e-06,7.879892349243164
2021-09-02,2.6556624561635545e-06,7.880661487579346
2021-09-03,2.6563006940705236e-06,7.881715774536133
2021-09-07,2.6555712793197017e-06,7.880281448364258
2021-09-08,2.656072638274054e-06,7.880960941314697
2021-09-09,2.6506627364142332e-06,7.878754138946533
2021-09-10,2.6415023057779763e-06,7.8761467933654785
2021-09-13,2.6389291178929852e-06,7.874948501586914
2021-09-14,2.6462223559065023e-06,7.876006603240967
2021-09-15,2.6485097350814613e-06,7.876143932342529
2021-09-16,2.6480652195459697e-06,7.875495433807373
2021-09-17,2.652589500939939e-06,7.874770641326904
2021-09-20,2.659301799212699e-06,7.873991966247559
2021-09-21,2.657831146279932e-06,7.873458385467529
2021-09-22,2.640751745275338e-06,7.873269557952881
2021-09-23,2.638274963828735e-06,7.8714423179626465
2021-09-24,2.634840029713814e-06,7.8705220222473145
2021-09-27,2.6293578230252024e-06,7.868438243865967
2021-09-28,2.6285406420356594e-06,7.867517948150635
2021-09-29,2.6315001377952285e-06,7.867880821228027
2021-09-30,2.633960775710875e-06,7.868638515472412
2021-10-01,2.638652404129971e-06,7.869571685791016
2021-10-04,2.6374093522463227e-06,7.869157314300537
2021-10-05,2.6355035060987575e-06,7.86905574798584
2021-10-06,2.6371178591944044e-06,7.869869232177734
2021-10-07,2.7741004942072323e-06,7.870790481567383
2021-10-08,2.777986765067908e-06,7.871075630187988
2021-10-11,2.641477067300002e-06,7.870562553405762
2021-10-12,2.644497044457239e-06,7.870115280151367
2021-10-13,2.650106580404099e-06,7.870826244354248
2021-10-14,2.7896576284547336e-06,7.872625350952148
2021-10-15,2.782796627798234e-06,7.871650218963623
2021-10-18,2.7793275876319967e-06,7.871487140655518
2021-10-19,2.7815231078420766e-06,7.872066020965576
2021-10-20,2.7853031951963203e-06,7.871251583099365
2021-10-21,2.798231889755698e-06,7.872981548309326
2021-10-22,2.8633992315008072e-06,7.87805700302124
2021-10-25,2.8636666229431285e-06,7.878177642822266
2021-10-26,2.8664865112659754e-06,7.880537509918213
2021-10-27,2.87245757135679e-06,7.8834075927734375
2021-10-28,2.8675747216766467e-06,7.882735729217529
2021-10-29,2.861078883142909e-06,7.880343437194824
2021-11-01,2.8619792828976642e-06,7.881041526794434
2021-11-02,2.8779800231859554e-06,7.88859224319458
2021-11-03,2.887960135922185e-06,7.8921217918396
2021-11-04,2.8843821837654104e-06,7.891605377197266
2021-11-05,2.890346422645962e-06,7.892361164093018
2021-11-08,2.8760866825905396e-06,7.886494159698486
2021-11-09,2.880225792978308e-06,7.88778829574585
2021-11-10,2.8782490062440047e-06,7.886566162109375
2021-11-11,2.8685426514130086e-06,7.882847785949707
2021-11-12,2.881429281842429e-06,7.888131618499756
2021-11-15,2.8817755719501292e-06,7.887063980102539
2021-11-16,2.8566403216245817e-06,7.8855299949646
2021-11-17,2.862470637410297e-06,7.889224052429199
2021-11-18,2.691490408324171e-06,7.887354850769043
2021-11-19,2.706511850192328e-06,7.891880512237549
2021-11-22,2.675659061424085e-06,7.88542366027832
2021-11-23,2.658662651811028e-06,7.8807902336120605
2021-11-24,2.657450977494591e-06,7.880128860473633
2021-11-26,2.6734348921308992e-06,7.880033016204834
2021-11-29,2.6704690299084177e-06,7.880395889282227
2021-11-30,2.6712482394941617e-06,7.878127574920654
2021-12-01,2.6660259209165815e-06,7.878408432006836
2021-12-02,2.6483835426915903e-06,7.876564025878906
2021-12-03,2.6471664114069426e-06,7.875279426574707
2021-12-06,2.654365971466177e-06,7.878448963165283
2021-12-07,2.820985628204653e-06,7.881771087646484
2021-12-08,2.8298236429691315e-06,7.882631778717041
2021-12-09,2.8389436010911595e-06,7.8849406242370605
2021-12-10,2.8617885163839674e-06,7.890217304229736
2021-12-13,2.9198242827987997e-06,7.897499084472656
2021-12-14,2.8969693630642723e-06,7.892520904541016
2021-12-15,2.9127099878678564e-06,7.897314548492432
2021-12-16,2.8915926577610662e-06,7.891263484954834
2021-12-17,2.8797919640055625e-06,7.886812686920166
2021-12-20,2.690474275368615e-06,7.885671138763428
2021-12-21,2.8817480597354006e-06,7.88584566116333
2021-12-22,2.883815568566206e-06,7.88657808303833
2021-12-23,2.8735807973134797e-06,7.885724067687988
2021-12-27,2.879155090340646e-06,7.889424800872803
2021-12-28,2.878336772482726e-06,7.890376091003418
2021-12-29,2.8920724162162514e-06,7.893530368804932
2021-12-30,2.89748891191266e-06,7.892627716064453
2021-12-31,2.8850038233940722e-06,7.891530990600586
2022-01-03,2.8526055757538415e-06,7.885234832763672
2022-01-04,2.8412243864295306e-06,7.880209445953369
2022-01-05,2.821701173161273e-06,7.875918865203857
2022-01-06,2.812808133967337e-06,7.875239372253418
2022-01-07,2.8350100365059916e-06,7.8773274421691895
2022-01-10,2.8460679004638223e-06,7.877676010131836
2022-01-11,2.8630822725972394e-06,7.879676818847656
2022-01-12,2.864496991605847e-06,7.880375385284424
2022-01-13,2.855839284165995e-06,7.878864288330078
2022-01-14,2.6833711217477685e-06,7.877920627593994
2022-01-18,2.6789630283019505e-06,7.874441146850586
2022-01-19,2.6818158858077368e-06,7.875417232513428
2022-01-20,2.672461050678976e-06,7.873292446136475
2022-01-21,2.683893171706586e-06,7.874942779541016
2022-01-24,2.6748987238534028e-06,7.874298095703125
2022-01-25,2.6625143618730363e-06,7.87184476852417
2022-01-26,2.6589671051624464e-06,7.87189245223999
2022-01-27,2.673521521501243e-06,7.8725457191467285
2022-01-28,2.676296844583703e-06,7.874721050262451
2022-01-31,2.6766238079289906e-06,7.875645637512207
2022-02-01,2.663362693056115e-06,7.873076438903809
2022-02-02,2.8188826490804786e-06,7.8758392333984375
2022-02-03,2.663504801603267e-06,7.8737897872924805
2022-02-04,2.6509105737204663e-06,7.871814250946045
2022-02-07,2.6532120500633027e-06,7.871792316436768
2022-02-08,2.6707386950874934e-06,7.875450611114502
2022-02-09,2.7954738470725715e-06,7.874444961547852
2022-02-10,2.6487878130865283e-06,7.8706374168396
2022-02-11,2.6401928607810987e-06,7.868435859680176
2022-02-14,2.6386574063508306e-06,7.868251800537109
2022-02-15,2.648186409714981e-06,7.86932897567749
2022-02-16,2.65059702542203e-06,7.869324684143066
2022-02-17,2.6463890208106022e-06,7.869804859161377
2022-02-18,2.6535258257354144e-06,7.870521545410156
2022-02-22,2.6590075776766753e-06,7.8701066970825195
2022-02-23,2.657461209309986e-06,7.869950294494629
2022-02-24,2.642192612256622e-06,7.872465133666992
2022-02-25,2.6627735678630415e-06,7.871772289276123
2022-02-28,2.6644854642654536e-06,7.872501850128174
2022-03-01,2.661158987393719e-06,7.872897624969482
2022-03-02,2.656331162143033e-06,7.871721267700195
2022-03-03,2.6531463390710996e-06,7.870753288269043
2022-03-04,2.6467776024219347e-06,7.8696608543396
2022-03-07,2.640922957652947e-06,7.868597030639648
2022-03-08,2.5849524263321655e-06,7.869586944580078
2022-03-09,2.6346945105615305e-06,7.867295265197754
2022-03-10,2.6318216441723052e-06,7.865851879119873
2022-03-11,2.6319171411159914e-06,7.8653998374938965
2022-03-14,2.6362376956967637e-06,7.865391254425049
2022-03-15,2.6405755306768697e-06,7.867578029632568
2022-03-16,2.63582023762865e-06,7.867938995361328
2022-03-17,2.772550715235411e-06,7.869492053985596
2022-03-18,2.77456615549454e-06,7.870487213134766
2022-03-21,2.7831524676003028e-06,7.8718342781066895
2022-03-22,2.7857495297212154e-06,7.8729634284973145
2022-03-23,2.7888274871656904e-06,7.871969223022461
2022-03-24,2.792873146972852e-06,7.872359275817871
2022-03-25,2.817452696035616e-06,7.8757219314575195
2022-03-28,2.843007678166032e-06,7.880655765533447
2022-03-29,2.852562147381832e-06,7.885161876678467
2022-03-30,2.8863689749414334e-06,7.888544082641602
2022-03-31,2.88178102891834e-06,7.8877363204956055
2022-04-01,2.8826714242313756e-06,7.888078689575195
2022-04-04,2.884277819248382e-06,7.888282775878906
2022-04-05,2.8845913675468182e-06,7.888392925262451
2022-04-06,2.8857523375336314e-06,7.889520645141602
2022-04-07,2.8943127290403936e-06,7.892665386199951
2022-04-08,2.896013484132709e-06,7.891136169433594
2022-04-11,2.6717934815678746e-06,7.886529922485352
2022-04-12,2.669552031875355e-06,7.884807109832764
2022-04-13,2.673123844942893e-06,7.886349201202393
2022-04-14,2.6478430754650617e-06,7.884340763092041
2022-04-18,2.6670888928492786e-06,7.878837585449219
2022-04-19,2.68849407802918e-06,7.8818793296813965
2022-04-20,2.8297642984398408e-06,7.880346775054932
2022-04-21,2.818742814270081e-06,7.879909992218018
2022-04-22,2.6518864615354687e-06,7.876806735992432
2022-04-25,2.656857986949035e-06,7.879539966583252
2022-04-26,2.6530703962635016e-06,7.8748674392700195
2022-04-27,2.653378942341078e-06,7.874163627624512
2022-04-28,2.646550456120167e-06,7.873476982116699
2022-04-29,2.6500561034481507e-06,7.870937347412109
2022-05-02,2.6393920506961877e-06,7.868513584136963
2022-05-03,2.634744532770128e-06,7.866974353790283
2022-05-04,2.63348351836612e-06,7.867690563201904
2022-05-05,2.6305617666366743e-06,7.865499496459961
2022-05-06,2.594050101834e-06,7.868690490722656
2022-05-09,2.597585080366116e-06,7.868691921234131
2022-05-10,2.5950746476155473e-06,7.86919641494751
2022-05-11,2.5927492970367894e-06,7.867848873138428
2022-05-12,2.5933675260603195e-06,7.867692947387695
2022-05-13,2.5924871351890033e-06,7.867971420288086
2022-05-16,2.633272742968984e-06,7.864521503448486
2022-05-17,2.6344932848587632e-06,7.86424446105957
2022-05-18,2.5971394279622473e-06,7.867120742797852
2022-05-19,2.6254842850903515e-06,7.865435600280762
2022-05-20,2.5911426746461075e-06,7.867276191711426
2022-05-23,2.6435739073349396e-06,7.864905834197998
2022-05-24,2.6453744794707745e-06,7.865237236022949
2022-05-25,2.638169235069654e-06,7.864877700805664
2022-05-26,2.6311088276997907e-06,7.864398956298828
2022-05-27,2.629844402690651e-06,7.8644633293151855
2022-05-31,2.626140258144005e-06,7.864288330078125
2022-06-01,2.6267114208167186e-06,7.864213466644287
2022-06-02,2.6264056032232475e-06,7.8641486167907715
2022-06-03,2.6266811801178847e-06,7.864044666290283
2022-06-06,2.6328004878450884e-06,7.863406181335449
2022-06-07,2.627613412187202e-06,7.863763809204102
2022-06-08,2.6303812319383724e-06,7.864014148712158
2022-06-09,2.629443315527169e-06,7.863715648651123
2022-06-10,2.595683326944709e-06,7.86805534362793
2022-06-13,2.5963470307033276e-06,7.868374347686768
2022-06-14,2.5986655600718223e-06,7.868335723876953
2022-06-15,2.5979074962378945e-06,7.868366241455078
2022-06-16,2.5997860575444065e-06,7.868252277374268
2022-06-17,2.599691924842773e-06,7.8681793212890625
2022-06-21,2.626826471896493e-06,7.866156578063965
2022-06-22,2.6275131403963314e-06,7.866034030914307
2022-06-23,2.621986368467333e-06,7.866408348083496
2022-06-24,2.6453190002939664e-06,7.863187313079834
2022-06-27,2.6584802981233224e-06,7.862219333648682
2022-06-28,2.7006747131963493e-06,7.861137390136719
2022-06-29,2.692101361390087e-06,7.86093282699585
2022-06-30,2.70927012024913e-06,7.861651420593262
2022-07-01,2.7066823804489104e-06,7.861400127410889
2022-07-05,2.6654565772332717e-06,7.861799716949463
2022-07-06,2.6493989935261197e-06,7.863455295562744
2022-07-07,2.643029347382253e-06,7.8640456199646
2022-07-08,2.6299749151803553e-06,7.865026950836182
2022-07-11,2.6320474262320204e-06,7.865007400512695
2022-07-12,2.660656264197314e-06,7.862579345703125
2022-07-13,2.6512796011957107e-06,7.86310338973999
2022-07-14,2.6312543468520744e-06,7.8651275634765625
2022-07-15,2.6470402190170716e-06,7.863541603088379
2022-07-18,2.7115395369037287e-06,7.862339973449707
2022-07-19,2.864212774511543e-06,7.864156246185303
2022-07-20,2.854499825843959e-06,7.866312503814697
2022-07-21,2.8366541755531216e-06,7.864144325256348
2022-07-22,2.79858954854717e-06,7.866527080535889
2022-07-25,2.7701983071892755e-06,7.870657920837402
2022-07-26,2.6989546313416213e-06,7.8644514083862305
2022-07-27,2.789827703963965e-06,7.864708423614502
2022-07-28,2.701947323657805e-06,7.86853551864624
2022-07-29,2.691639338081586e-06,7.872450828552246
2022-08-01,2.642711706357659e-06,7.870975017547607
2022-08-02,2.6351870019425405e-06,7.872779369354248
2022-08-03,2.6363431970821694e-06,7.873732089996338
2022-08-04,2.6545837954472518e-06,7.8731865882873535
2022-08-05,2.6643992896424606e-06,7.869182109832764
2022-08-08,2.646934262884315e-06,7.870823383331299
2022-08-09,2.6543759759078966e-06,7.870463848114014
2022-08-10,2.607796659503947e-06,7.873142719268799
2022-08-11,2.6423892904858803e-06,7.8760271072387695
2022-08-12,2.6361119580542436e-06,7.876673221588135
2022-08-15,2.6165055260207737e-06,7.874075412750244
2022-08-16,2.5986655600718223e-06,7.879570007324219
2022-08-17,2.6670124952943297e-06,7.877071380615234
2022-08-18,2.7159910587215563e-06,7.877256870269775
2022-08-19,2.775630036921939e-06,7.872249603271484
2022-08-22,2.774634822344524e-06,7.869838714599609
2022-08-23,2.634362772369059e-06,7.866134166717529
2022-08-24,2.632589485074277e-06,7.865353584289551
2022-08-25,2.761130417638924e-06,7.866365909576416
2022-08-26,2.6902534955297597e-06,7.861790657043457
2022-08-29,2.691454483283451e-06,7.867223739624023
2022-08-30,2.6900329430645797e-06,7.867185115814209
2022-08-31,2.6822044674190693e-06,7.866762638092041
2022-09-01,2.6510672341828467e-06,7.866062641143799
2022-09-02,2.6774202979140682e-06,7.8663411140441895
2022-09-06,2.6837599307327764e-06,7.866279602050781
2022-09-07,2.683493903532508e-06,7.866235256195068
2022-09-08,2.7296755433781072e-06,7.86288595199585
2022-09-09,2.7285564101475757e-06,7.862911701202393
2022-09-12,2.7232790671405382e-06,7.864872932434082
2022-09-13,2.717815050345962e-06,7.866437911987305
2022-09-14,2.7202058845432475e-06,7.865898609161377
2022-09-15,2.6527261525188806e-06,7.872771739959717
2022-09-16,2.6765164875541814e-06,7.869458198547363
2022-09-19,2.719350050028879e-06,7.866267204284668
2022-09-20,2.6831050945475e-06,7.869694709777832
2022-09-21,2.6548268579063006e-06,7.875943660736084
2022-09-22,2.677210886758985e-06,7.874053478240967
2022-09-23,2.6772722776513547e-06,7.874902248382568
2022-09-26,2.6495706606510794e-06,7.878482818603516
2022-09-27,2.615542825878947e-06,7.881424427032471
2022-09-28,2.5810752504185075e-06,7.882265567779541
2022-09-29,2.543008577049477e-06,7.884779453277588
2022-09-30,2.4839437173795886e-06,7.8893256187438965
2022-10-03,2.47660614149936e-06,7.88962984085083
2022-10-04,2.588104962342186e-06,7.880990505218506
2022-10-05,2.5823653686529724e-06,7.880160331726074
2022-10-06,2.571149707364384e-06,7.881720066070557
2022-10-07,2.526165644667344e-06,7.8833184242248535
2022-10-10,2.5512433694530046e-06,7.880902290344238
2022-10-11,2.5969113721657777e-06,7.877074718475342
2022-10-12,2.582404704298824e-06,7.878035545349121
2022-10-13,2.591562633824651e-06,7.880654335021973
2022-10-14,2.5314086542493897e-06,7.887860298156738
2022-10-17,2.548670408941689e-06,7.887818813323975
2022-10-18,2.673266408237396e-06,7.89468240737915
2022-10-19,2.6687478111853125e-06,7.895184516906738
2022-10-20,2.6876941774389707e-06,7.897031784057617
2022-10-21,2.6406812594359508e-06,7.8937811851501465
2022-10-24,2.586067012089188e-06,7.888543128967285
2022-10-25,2.5671558887552237e-06,7.885402202606201
2022-10-26,2.483739763192716e-06,7.880313873291016
2022-10-27,2.4687772111064987e-06,7.87928581237793
2022-10-28,2.3206664536701282e-06,7.877331256866455
2022-10-31,2.4641904019517824e-06,7.877670764923096
2022-11-01,2.461010581100709e-06,7.8768839836120605
2022-11-02,2.561883093221695e-06,7.881725788116455
2022-11-03,2.630190692798351e-06,7.885335922241211
2022-11-04,2.681534397197538e-06,7.886870861053467
2022-11-07,2.6428833734826185e-06,7.882350444793701
2022-11-08,2.6149391487706453e-06,7.87938928604126
2022-11-09,2.6624281872500433e-06,7.878546237945557
2022-11-10,2.5784081572055584e-06,7.877121925354004
2022-11-11,2.5120061764027923e-06,7.908533096313477
2022-11-14,2.5631538846937474e-06,7.880537509918213
2022-11-15,2.5388114863744704e-06,7.887602806091309
2022-11-16,2.714960373850772e-06,7.876645088195801
2022-11-17,2.7969354050583206e-06,7.874074935913086
2022-11-18,2.800848278639023e-06,7.87537145614624
2022-11-21,2.802815060931607e-06,7.876896381378174
2022-11-22,2.8034512524754973e-06,7.876525402069092
2022-11-23,2.8050128548784414e-06,7.8776373863220215
2022-11-25,2.8028202905261423e-06,7.87738037109375
2022-11-28,2.805264557537157e-06,7.8781633377075195
2022-11-29,2.7929795578529593e-06,7.874880790710449
2022-11-30,2.8046599709341535e-06,7.878297805786133
2022-12-01,2.8167382879473735e-06,7.881259441375732
2022-12-02,2.8290680802456336e-06,7.884533882141113
2022-12-05,2.8377257876854856e-06,7.885261058807373
2022-12-06,2.6610828172124457e-06,7.88149881362915
2022-12-07,2.65814560407307e-06,7.880647659301758
2022-12-08,2.830174253176665e-06,7.88273286819458
2022-12-09,2.6619609343470074e-06,7.877712249755859
2022-12-12,2.8119177386543015e-06,7.878060817718506
2022-12-13,2.8064150683349e-06,7.877470970153809
2022-12-14,2.8142626433691476e-06,7.878344535827637
2022-12-15,2.66523761638382e-06,7.8758721351623535
2022-12-16,2.6643331239029067e-06,7.874302387237549
2022-12-19,2.573858182586264e-06,7.871277332305908
2022-12-20,2.657243157955236e-06,7.870397090911865
2022-12-21,2.6785387490235735e-06,7.871903896331787
2022-12-22,2.6715692911238875e-06,7.870880603790283
2022-12-23,2.6749344215204474e-06,7.87022066116333
2022-12-27,2.6954155600833474e-06,7.870813846588135
2022-12-28,2.678518512766459e-06,7.8686957359313965
2022-12-29,2.666910631887731e-06,7.868705749511719
2022-12-30,2.660818836375256e-06,7.867595672607422
2023-01-03,2.6387378966319375e-06,7.86574125289917
2023-01-04,2.637243369463249e-06,7.865333557128906
2023-01-05,2.6362977223470807e-06,7.865485191345215
2023-01-06,2.7790467811428243e-06,7.868039608001709
2023-01-09,2.6290920231986092e-06,7.8650031089782715
2023-01-10,2.626971763675101e-06,7.864805221557617
2023-01-11,2.754917659331113e-06,7.866518974304199
2023-01-12,2.7557375688047614e-06,7.866814136505127
2023-01-13,2.7568312361836433e-06,7.867317199707031
2023-01-17,2.6270217858836986e-06,7.868177890777588
2023-01-18,2.6275481559423497e-06,7.8681182861328125
2023-01-19,2.6313448415749008e-06,7.867925643920898
2023-01-20,2.632082669151714e-06,7.8687028884887695
2023-01-23,2.6318668915337184e-06,7.869162559509277
2023-01-24,2.632428959259414e-06,7.868699550628662
2023-01-25,2.634357770148199e-06,7.869461536407471
2023-01-26,2.634905513332342e-06,7.8698577880859375
2023-01-27,2.6356747184763663e-06,7.8696088790893555
2023-01-30,2.6353075099905254e-06,7.869045257568359
2023-01-31,2.6356847229180858e-06,7.868349075317383
2023-02-01,2.634357770148199e-06,7.868757724761963
2023-02-02,2.6314498882129556e-06,7.871741771697998
2023-02-03,2.6290670120943105e-06,7.871043682098389
2023-02-06,2.6304314815206453e-06,7.870131015777588
2023-02-07,2.63337324213353e-06,7.870219707489014
2023-02-08,2.6346642698626965e-06,7.869480609893799
2023-02-09,2.64298410002084e-06,7.87043571472168
2023-02-10,2.6392663130536675e-06,7.869368076324463
2023-02-13,2.77548178928555e-06,7.870975017547607
2023-02-14,2.6366499241703423e-06,7.870075702667236
2023-02-15,2.6348150186095154e-06,7.870201110839844
2023-02-16,2.6360012270743027e-06,7.870555400848389
2023-02-17,2.6418804282002384e-06,7.872036457061768
2023-02-21,2.655556045283447e-06,7.872366428375244
2023-02-22,2.6621287361194845e-06,7.873056888580322
2023-02-23,2.6676791549107293e-06,7.873607635498047
2023-02-24,2.6577704375085887e-06,7.8719329833984375
2023-02-27,2.656250217114575e-06,7.871147632598877
2023-02-28,2.6463030735612847e-06,7.869977951049805
2023-03-01,2.64773188973777e-06,7.869113445281982
2023-03-02,2.660164227563655e-06,7.87094783782959
2023-03-03,2.6538953079580097e-06,7.871093273162842
2023-03-06,2.6707386950874934e-06,7.873205661773682
2023-03-07,2.677471456991043e-06,7.874917507171631
2023-03-08,2.6701225124270422e-06,7.874426364898682
2023-03-09,2.6624027213983936e-06,7.8741044998168945
2023-03-10,2.662179213075433e-06,7.874011039733887
2023-03-13,2.6778441224450944e-06,7.875940322875977
2023-03-14,2.6719719699030975e-06,7.875766277313232
2023-03-15,2.690022711249185e-06,7.878634929656982
2023-03-16,2.6920038180833217e-06,7.880573272705078
2023-03-17,2.692060434128507e-06,7.8798828125
2023-03-20,2.681212208699435e-06,7.878653526306152
2023-03-21,2.8256329187570373e-06,7.877399921417236
2023-03-22,2.669623199835769e-06,7.874585151672363
2023-03-23,2.6660309231374413e-06,7.874964714050293
2023-03-24,2.67613881987927e-06,7.876793384552002
2023-03-27,2.8169690722279483e-06,7.875625133514404
2023-03-28,2.806243855957291e-06,7.874385833740234
2023-03-29,2.807839109664201e-06,7.875369548797607
2023-03-30,2.807898226819816e-06,7.8757476806640625
2023-03-31,2.805606754918699e-06,7.876378536224365
2023-04-03,2.815572543113376e-06,7.875967025756836
2023-04-04,2.8476752049755305e-06,7.879575729370117
2023-04-05,2.862645487766713e-06,7.880924701690674
2023-04-06,2.864464022422908e-06,7.881852626800537
2023-04-10,2.865841452148743e-06,7.880959510803223
2023-04-11,2.864972429961199e-06,7.8802313804626465
2023-04-12,2.858711468434194e-06,7.878952980041504
2023-04-13,2.8605004445125815e-06,7.881589889526367
2023-04-14,2.8569561436597724e-06,7.8788018226623535
2023-04-17,2.859049573089578e-06,7.879921913146973
2023-04-18,2.8620559078262886e-06,7.880549907684326
2023-04-19,2.8579099762282567e-06,7.878975868225098
2023-04-20,2.8593276510946453e-06,7.879800319671631
2023-04-21,2.8616684630833333e-06,7.881233215332031
2023-04-24,2.863568397515337e-06,7.882197856903076
2023-04-25,2.865218220904353e-06,7.882933616638184
2023-04-26,2.8710937840514816e-06,7.883514404296875
2023-04-27,2.8597530672413995e-06,7.8835625648498535
2023-04-28,2.8329559427220374e-06,7.880545139312744
2023-05-01,2.8553438369272044e-06,7.881945610046387
2023-05-02,2.8524480057967594e-06,7.881519317626953
2023-05-03,2.8253366508579347e-06,7.8773579597473145
2023-05-04,2.674118150025606e-06,7.875864505767822
2023-05-05,2.8475340059230803e-06,7.879133701324463
2023-05-08,2.8414629014150705e-06,7.878444194793701
2023-05-09,2.817270114974235e-06,7.87583065032959
2023-05-10,2.817420408973703e-06,7.87595796585083
2023-05-11,2.6775733203976415e-06,7.875892162322998
2023-05-12,2.82464679912664e-06,7.87667179107666
2023-05-15,2.812100092342007e-06,7.87525749206543
2023-05-16,2.6696588975028135e-06,7.874344348907471
2023-05-17,2.6563056962913834e-06,7.871598243713379
2023-05-18,2.7839541871799156e-06,7.87174129486084
2023-05-19,2.7826959012600128e-06,7.872055530548096
2023-05-22,2.640928187247482e-06,7.869725227355957
2023-05-23,2.6388988771941513e-06,7.868362903594971
2023-05-24,2.6485856778890593e-06,7.869441509246826
2023-05-25,2.6558498120721197e-06,7.870569229125977
2023-05-26,2.6506172616791446e-06,7.870013236999512
2023-05-30,2.6517550395510625e-06,7.870571613311768
2023-05-31,2.6547509150987025e-06,7.871364593505859
2023-06-01,2.6483785404707305e-06,7.870349407196045
2023-06-02,2.7714083898899844e-06,7.870117664337158
2023-06-05,2.773338565020822e-06,7.870337963104248
2023-06-06,2.7710966605809517e-06,7.869673252105713
2023-06-07,2.7621206299954792e-06,7.867644309997559
2023-06-08,2.7633220724965213e-06,7.868011474609375
2023-06-09,2.7641444830805995e-06,7.8683061599731445
2023-06-12,2.7644450710795354e-06,7.868697166442871
2023-06-13,2.7651412892737426e-06,7.8689117431640625
2023-06-14,2.775306938929134e-06,7.8715620040893555
2023-06-15,2.7876203603227623e-06,7.874416351318359
2023-06-16,2.798504283418879e-06,7.876243591308594
2023-06-20,2.807651981129311e-06,7.877305030822754
2023-06-21,2.8090444175177254e-06,7.87598180770874
2023-06-22,2.85028340840654e-06,7.880269527435303
2023-06-23,2.840969727913034e-06,7.878668785095215
2023-06-26,2.80398603536014e-06,7.874395370483398
2023-06-27,2.804092900987598e-06,7.874795436859131
2023-06-28,2.80399649454921e-06,7.874853134155273
2023-06-29,2.793864268824109e-06,7.87306022644043
2023-06-30,2.800709580697003e-06,7.874210357666016
2023-07-03,2.7929211228183703e-06,7.872661113739014
2023-07-05,2.7981038783764234e-06,7.873631477355957
2023-07-06,2.806982593028806e-06,7.874781131744385
2023-07-07,2.648474264788092e-06,7.870414733886719
2023-07-10,2.641885430421098e-06,7.869248390197754
2023-07-11,2.7772662178904284e-06,7.869483947753906
2023-07-12,2.7760270313592628e-06,7.869945526123047
2023-07-13,2.7821545245387824e-06,7.871410369873047
2023-07-14,2.7945304736931575e-06,7.8725972175598145
2023-07-17,2.797650267893914e-06,7.87338924407959
2023-07-18,2.795948603306897e-06,7.873279571533203
2023-07-19,2.8144720545242308e-06,7.875698089599609
2023-07-20,2.8693691547232447e-06,7.88287353515625
2023-07-21,2.8756865049217595e-06,7.88523530960083
2023-07-24,2.8810227377107367e-06,7.886810779571533
2023-07-25,2.8505930913524935e-06,7.88454532623291
2023-07-26,2.8487997951742727e-06,7.883923053741455
2023-07-27,2.817146423694794e-06,7.880755424499512
2023-07-28,2.8199526695971144e-06,7.880614280700684
2023-07-31,2.8008644221699797e-06,7.875335693359375
2023-08-01,2.8028096039633965e-06,7.875063896179199
2023-08-02,2.655530806805473e-06,7.872662544250488
2023-08-03,2.6551203973212978e-06,7.872450351715088
2023-08-04,2.6524885470280424e-06,7.871634483337402
2023-08-07,2.654381205502432e-06,7.872279644012451
2023-08-08,2.65949984168401e-06,7.874144077301025
2023-08-09,2.658759058249416e-06,7.8737473487854
2023-08-10,2.6560574042377993e-06,7.873800277709961
2023-08-11,2.6537029498285847e-06,7.873388767242432
2023-08-14,2.655282514751889e-06,7.874145030975342
2023-08-15,2.6598345357342623e-06,7.875670433044434
2023-08-16,2.6605396215018118e-06,7.875646591186523
2023-08-17,2.6662648906494724e-06,7.876273155212402
2023-08-18,2.6607579002302373e-06,7.874848365783691
2023-08-21,2.6572383831080515e-06,7.874274730682373
2023-08-22,2.6575676201900933e-06,7.8747124671936035
2023-08-23,2.660823838596116e-06,7.875889301300049
2023-08-24,2.6567720396997174e-06,7.873847961425781
2023-08-25,2.6553839234111365e-06,7.874307155609131
2023-08-28,2.6480804535822244e-06,7.872170448303223
2023-08-29,2.642767185534467e-06,7.871095180511475
2023-08-30,2.7859246074513067e-06,7.872939586639404
2023-08-31,2.788917981888517e-06,7.873170852661133
2023-09-01,2.782393266897998e-06,7.8721418380737305
2023-09-05,2.643236030053231e-06,7.871166229248047
2023-09-06,2.643064817675622e-06,7.8699822425842285
2023-09-07,2.6450363748153904e-06,7.870471000671387
2023-09-08,2.6483683086553356e-06,7.871801853179932
2023-09-11,2.651871227499214e-06,7.8728742599487305
2023-09-12,2.64414870798646e-06,7.871476173400879
2023-09-13,2.6484340196475387e-06,7.872318744659424
2023-09-14,2.7876362764800433e-06,7.872856616973877
2023-09-15,2.643321749928873e-06,7.870589256286621
2023-09-18,2.6477573555894196e-06,7.871723651885986
2023-09-19,2.6490351956454106e-06,7.87161922454834
2023-09-20,2.6510317638894776e-06,7.871135234832764
2023-09-21,2.6548723326413892e-06,7.870336532592773
2023-09-22,2.6519624043430667e-06,7.870425224304199
2023-09-25,2.6477218852960505e-06,7.869448661804199
2023-09-26,2.6485856778890593e-06,7.869000434875488
2023-09-27,2.646333541633794e-06,7.868322849273682
2023-09-28,2.6412403713038657e-06,7.867856502532959
2023-09-29,2.6478783183847554e-06,7.869339466094971
2023-10-02,2.6566401629679604e-06,7.87090539932251
2023-10-03,2.658008725120453e-06,7.870510578155518
2023-10-04,2.6631391847331543e-06,7.871500492095947
2023-10-05,2.6607478957885178e-06,7.871309757232666
2023-10-06,2.6630680167727405e-06,7.871487617492676
2023-10-09,2.656787273735972e-06,7.871160507202148
2023-10-10,2.650111582624959e-06,7.870005130767822
2023-10-11,2.6538091333350167e-06,7.8712639808654785
2023-10-12,2.6584648367133923e-06,7.872105121612549
2023-10-13,2.6645670914149377e-06,7.869346618652344
2023-10-16,2.658647417774773e-06,7.868846893310547
2023-10-17,2.805227040880709e-06,7.869414806365967
2023-10-18,2.659403435245622e-06,7.868221759796143
2023-10-19,2.6617783532856265e-06,7.868834018707275
2023-10-20,2.6702805371314753e-06,7.869496822357178
2023-10-23,2.6805014385899995e-06,7.870279788970947
2023-10-24,2.6665395580494078e-06,7.868215560913086
2023-10-25,2.680547368072439e-06,7.86820125579834
2023-10-26,2.667445187398698e-06,7.8669610023498535
2023-10-27,2.6569696274236776e-06,7.869441986083984
2023-10-30,2.649424232004094e-06,7.86895227432251
2023-10-31,2.6431202968524303e-06,7.867862701416016
2023-11-01,2.780229124255129e-06,7.869822025299072
2023-11-02,2.7736348329199245e-06,7.869132995605469
2023-11-03,2.7660537398332963e-06,7.868452548980713
2023-11-06,2.769886577880243e-06,7.8693647384643555
2023-11-07,2.775158691292745e-06,7.87028169631958
2023-11-08,2.777467670966871e-06,7.870672225952148
2023-11-09,2.773359710772638e-06,7.869887351989746
2023-11-10,2.772788548099925e-06,7.869863033294678
2023-11-13,2.7760111152019817e-06,7.869655132293701
2023-11-14,2.769558932413929e-06,7.869696140289307
2023-11-15,2.768613512671436e-06,7.869925022125244
2023-11-16,2.7716623662854545e-06,7.869676113128662
2023-11-17,2.7709011192200705e-06,7.869713306427002
2023-11-20,2.775158691292745e-06,7.8709564208984375
2023-11-21,2.783051513688406e-06,7.8713579177856445
2023-11-22,2.786737923088367e-06,7.872114181518555
2023-11-24,2.789620339171961e-06,7.872265815734863
2023-11-27,2.784772050290485e-06,7.8723368644714355
2023-11-28,2.784070829875418e-06,7.87318754196167
2023-11-29,2.7822713946079602e-06,7.872901439666748
2023-11-30,2.8004744763165945e-06,7.873964786529541
2023-12-01,2.8080748961656354e-06,7.8748698234558105
2023-12-04,2.7979597234661924e-06,7.873721599578857
2023-12-05,2.791467068163911e-06,7.8741960525512695
2023-12-06,2.787471430565347e-06,7.874303340911865
2023-12-07,2.791882707242621e-06,7.875490188598633
2023-12-08,2.7913233680010308e-06,7.875765800476074
2023-12-11,2.799780077111791e-06,7.877208709716797
2023-12-12,2.8138492780271918e-06,7.879847049713135
2023-12-13,2.821927409968339e-06,7.8813796043396
2023-12-14,2.7941252938035177e-06,7.87654972076416
2023-12-15,2.798765535771963e-06,7.8779473304748535
2023-12-18,2.803536744977464e-06,7.878539085388184
2023-12-19,2.810400474118069e-06,7.880135536193848
2023-12-20,2.8117838155594654e-06,7.880749702453613
2023-12-21,2.8166039101051865e-06,7.881412029266357
2023-12-22,2.8155188829259714e-06,7.881189346313477
2023-12-26,2.8196570838190382e-06,7.881863594055176
2023-12-27,2.8278759600652847e-06,7.883087158203125
2023-12-28,2.8374713565426646e-06,7.8851213455200195
2023-12-29,2.8424981337593636e-06,7.885799407958984
2024-01-02,2.8326369374553906e-06,7.882672309875488
2024-01-03,2.8396314064593753e-06,7.8839430809021
2024-01-04,2.674873258001753e-06,7.881275177001953
2024-01-05,2.672318487384473e-06,7.880241394042969
2024-01-08,2.6771037937578512e-06,7.887144565582275
2024-01-09,2.692363523237873e-06,7.890785217285156
2024-01-10,2.9348773296078434e-06,7.89892578125
2024-01-11,2.967989075841615e-06,7.901647090911865
2024-01-12,2.9979096325405408e-06,7.904003620147705
2024-01-16,2.7660323667078046e-06,7.901048183441162
2024-01-17,2.7408505047787912e-06,7.898416042327881
2024-01-18,2.7658850285661174e-06,7.901632785797119
2024-01-19,3.0266194244177314e-06,7.904367446899414
2024-01-22,3.00952842735569e-06,7.903707504272461
2024-01-23,2.9577943223557668e-06,7.8994293212890625
2024-01-24,2.9315874598978553e-06,7.896617889404297
2024-01-25,2.953335069832974e-06,7.8980207443237305
2024-01-26,2.9447232918755617e-06,7.898308277130127
2024-01-29,2.935744987553335e-06,7.89754581451416
2024-01-30,2.914282504207222e-06,7.89583683013916
2024-01-31,2.8770468816219363e-06,7.893017768859863
2024-02-01,2.9045879728073487e-06,7.8953657150268555
2024-02-02,2.8954227673239075e-06,7.894759178161621
2024-02-05,2.8804731755371904e-06,7.893919467926025
2024-02-06,2.8997278604947496e-06,7.8954010009765625
2024-02-07,2.8938493414898403e-06,7.89479923248291
2024-02-08,2.8991141789447283e-06,7.895109176635742
2024-02-09,2.900978188336012e-06,7.894937038421631
2024-02-12,2.895373199862661e-06,7.8948445320129395
2024-02-13,2.6633219931682106e-06,7.89152193069458
2024-02-14,2.6591699224809418e-06,7.890059947967529
2024-02-15,2.848316171366605e-06,7.889553546905518
2024-02-16,2.8516483325802255e-06,7.8897624015808105
2024-02-20,2.8500062398961745e-06,7.891391754150391
2024-02-21,2.6520785922912182e-06,7.890354633331299
2024-02-22,2.8717508939735126e-06,7.893554210662842
2024-02-23,2.892028533096891e-06,7.894479751586914
2024-02-26,2.890996938731405e-06,7.894346237182617
2024-02-27,2.8875692805740982e-06,7.893983364105225
2024-02-28,2.898892944358522e-06,7.89450740814209
2024-02-29,2.6818568130693166e-06,7.891833782196045
2024-03-01,2.681017804206931e-06,7.891988754272461
2024-03-04,2.6865461677516578e-06,7.892547607421875
2024-03-05,2.688704398678965e-06,7.892238616943359
2024-03-06,2.6944644559989683e-06,7.892326831817627
2024-03-07,2.6971742954629008e-06,7.892818450927734
2024-03-08,2.6938889732264215e-06,7.892430782318115
2024-03-11,2.699624019442126e-06,7.892444610595703
2024-03-12,2.7227442842558958e-06,7.894054412841797
2024-03-13,2.7028493150282884e-06,7.892897605895996
2024-03-14,2.7005664833268384e-06,7.8932271003723145
2024-03-15,2.6818820515472908e-06,7.892515182495117
2024-03-18,2.6731390789791476e-06,7.892186641693115
2024-03-19,2.675235464266734e-06,7.8923420906066895
2024-03-20,2.6749396511149826e-06,7.8920512199401855
2024-03-21,2.8698616461042548e-06,7.893568992614746
2024-03-22,2.683432512640138e-06,7.892673015594482
2024-03-25,2.6753834845294477e-06,7.892719745635986
2024-03-26,2.669791456355597e-06,7.89282751083374
2024-03-27,2.665705551407882e-06,7.89302921295166
